178BFBFF004006F1,2023-12-04,22:52:12,81,CPU
178BFBFF004006F1,2023-12-04,22:52:12,0.95,RAM
178BFBFF004006F1,2023-12-04,22:52:12,7.18,DISCO
178BFBFF004006F1,2023-12-04,22:52:17,963.34,Taxa Dowload
178BFBFF004006F1,2023-12-04,22:52:17,1041.26,Taxa Upload
178BFBFF004006F1,2023-12-04,22:52:17,2.16,Latência
178BFBFF004006F1,2023-12-04,22:52:32,14.7,CPU
178BFBFF004006F1,2023-12-04,22:52:32,0.98,RAM
178BFBFF004006F1,2023-12-04,22:52:32,7.18,DISCO
178BFBFF004006F1,2023-12-04,22:52:41,1004.02,Taxa Dowload
178BFBFF004006F1,2023-12-04,22:52:41,1036.87,Taxa Upload
178BFBFF004006F1,2023-12-04,22:52:41,2.16,Latência
178BFBFF004006F1,2023-12-04,22:52:52,14.9,CPU
178BFBFF004006F1,2023-12-04,22:52:52,1.03,RAM
178BFBFF004006F1,2023-12-04,22:52:52,7.18,DISCO
178BFBFF004006F1,2023-12-04,22:53:06,1005.48,Taxa Dowload
178BFBFF004006F1,2023-12-04,22:53:06,1010.15,Taxa Upload
178BFBFF004006F1,2023-12-04,22:53:06,2.16,Latência
178BFBFF004006F1,2023-12-04,22:53:12,14.6,CPU
178BFBFF004006F1,2023-12-04,22:53:12,1.04,RAM
178BFBFF004006F1,2023-12-04,22:53:12,7.18,DISCO
178BFBFF004006F1,2023-12-04,22:53:31,965.48,Taxa Dowload
178BFBFF004006F1,2023-12-04,22:53:31,1038.16,Taxa Upload
178BFBFF004006F1,2023-12-04,22:53:31,2.16,Latência
178BFBFF004006F1,2023-12-04,22:53:32,16.1,CPU
178BFBFF004006F1,2023-12-04,22:53:32,1.05,RAM
178BFBFF004006F1,2023-12-04,22:53:32,7.18,DISCO
178BFBFF004006F1,2023-12-04,22:53:52,7.9,CPU
178BFBFF004006F1,2023-12-04,22:53:52,1.04,RAM
178BFBFF004006F1,2023-12-04,22:53:52,7.18,DISCO
178BFBFF004006F1,2023-12-04,22:53:56,838.88,Taxa Dowload
178BFBFF004006F1,2023-12-04,22:53:56,1040.12,Taxa Upload
178BFBFF004006F1,2023-12-04,22:53:56,2.16,Latência
178BFBFF004006F1,2023-12-04,22:54:12,13.8,CPU
178BFBFF004006F1,2023-12-04,22:54:12,1.04,RAM
178BFBFF004006F1,2023-12-04,22:54:12,7.18,DISCO
178BFBFF004006F1,2023-12-04,22:54:21,934.41,Taxa Dowload
178BFBFF004006F1,2023-12-04,22:54:21,998.81,Taxa Upload
178BFBFF004006F1,2023-12-04,22:54:21,2.16,Latência
178BFBFF004006F1,2023-12-04,22:54:32,15.8,CPU
178BFBFF004006F1,2023-12-04,22:54:32,1.04,RAM
178BFBFF004006F1,2023-12-04,22:54:32,7.18,DISCO
178BFBFF004006F1,2023-12-04,22:54:46,987.72,Taxa Dowload
178BFBFF004006F1,2023-12-04,22:54:46,1018.19,Taxa Upload
178BFBFF004006F1,2023-12-04,22:54:46,2.16,Latência
178BFBFF004006F1,2023-12-04,22:54:52,13.1,CPU
178BFBFF004006F1,2023-12-04,22:54:52,1.03,RAM
178BFBFF004006F1,2023-12-04,22:54:52,7.18,DISCO
178BFBFF004006F1,2023-12-04,22:55:10,994.61,Taxa Dowload
178BFBFF004006F1,2023-12-04,22:55:10,1028.68,Taxa Upload
178BFBFF004006F1,2023-12-04,22:55:10,2.16,Latência
178BFBFF004006F1,2023-12-04,22:55:12,8.4,CPU
178BFBFF004006F1,2023-12-04,22:55:12,1.05,RAM
178BFBFF004006F1,2023-12-04,22:55:12,7.18,DISCO
178BFBFF004006F1,2023-12-04,22:55:32,9.8,CPU
178BFBFF004006F1,2023-12-04,22:55:32,1.05,RAM
178BFBFF004006F1,2023-12-04,22:55:32,7.18,DISCO
178BFBFF004006F1,2023-12-04,22:55:35,1007.4,Taxa Dowload
178BFBFF004006F1,2023-12-04,22:55:35,1040.79,Taxa Upload
178BFBFF004006F1,2023-12-04,22:55:35,2.16,Latência
178BFBFF004006F1,2023-12-04,22:55:52,11.6,CPU
178BFBFF004006F1,2023-12-04,22:55:52,1.04,RAM
178BFBFF004006F1,2023-12-04,22:55:52,7.18,DISCO
178BFBFF004006F1,2023-12-05,16:59:04,77.8,CPU
178BFBFF004006F1,2023-12-05,16:59:04,0.94,RAM
178BFBFF004006F1,2023-12-05,16:59:04,7.24,DISCO
178BFBFF004006F1,2023-12-05,16:59:07,0,USB
178BFBFF004006F1,2023-12-05,16:59:07,390,Janelas
178BFBFF004006F1,2023-12-05,16:59:07,234,Processos
178BFBFF004006F1,2023-12-05,16:59:09,988.39,Taxa Dowload
178BFBFF004006F1,2023-12-05,16:59:09,1055.16,Taxa Upload
178BFBFF004006F1,2023-12-05,16:59:09,2.09,Latência
178BFBFF004006F1,2023-12-05,16:59:24,17.5,CPU
178BFBFF004006F1,2023-12-05,16:59:24,0.98,RAM
178BFBFF004006F1,2023-12-05,16:59:24,7.24,DISCO
178BFBFF004006F1,2023-12-05,16:59:30,0,USB
178BFBFF004006F1,2023-12-05,16:59:30,390,Janelas
178BFBFF004006F1,2023-12-05,16:59:30,225,Processos
178BFBFF004006F1,2023-12-05,16:59:33,1001.12,Taxa Dowload
178BFBFF004006F1,2023-12-05,16:59:33,1059.39,Taxa Upload
178BFBFF004006F1,2023-12-05,16:59:33,2.09,Latência
178BFBFF004006F1,2023-12-05,16:59:44,17.3,CPU
178BFBFF004006F1,2023-12-05,16:59:44,1.01,RAM
178BFBFF004006F1,2023-12-05,16:59:44,7.24,DISCO
178BFBFF004006F1,2023-12-05,16:59:52,0,USB
178BFBFF004006F1,2023-12-05,16:59:52,390,Janelas
178BFBFF004006F1,2023-12-05,16:59:52,224,Processos
178BFBFF004006F1,2023-12-05,16:59:58,989.79,Taxa Dowload
178BFBFF004006F1,2023-12-05,16:59:58,1044.85,Taxa Upload
178BFBFF004006F1,2023-12-05,16:59:58,2.09,Latência
178BFBFF004006F1,2023-12-05,17:00:04,17.4,CPU
178BFBFF004006F1,2023-12-05,17:00:04,1.03,RAM
178BFBFF004006F1,2023-12-05,17:00:04,7.24,DISCO
178BFBFF004006F1,2023-12-05,17:00:15,0,USB
178BFBFF004006F1,2023-12-05,17:00:15,390,Janelas
178BFBFF004006F1,2023-12-05,17:00:15,224,Processos
178BFBFF004006F1,2023-12-05,17:00:23,1002.34,Taxa Dowload
178BFBFF004006F1,2023-12-05,17:00:23,1023.74,Taxa Upload
178BFBFF004006F1,2023-12-05,17:00:23,2.09,Latência
178BFBFF004006F1,2023-12-05,17:00:24,17.2,CPU
178BFBFF004006F1,2023-12-05,17:00:24,1.04,RAM
178BFBFF004006F1,2023-12-05,17:00:24,7.24,DISCO
178BFBFF004006F1,2023-12-05,17:00:37,0,USB
178BFBFF004006F1,2023-12-05,17:00:37,390,Janelas
178BFBFF004006F1,2023-12-05,17:00:37,223,Processos
178BFBFF004006F1,2023-12-05,17:00:44,9.5,CPU
178BFBFF004006F1,2023-12-05,17:00:44,1.04,RAM
178BFBFF004006F1,2023-12-05,17:00:44,7.24,DISCO
178BFBFF004006F1,2023-12-05,17:00:47,993.98,Taxa Dowload
178BFBFF004006F1,2023-12-05,17:00:47,1059.14,Taxa Upload
178BFBFF004006F1,2023-12-05,17:00:47,2.09,Latência
178BFBFF004006F1,2023-12-05,17:00:59,0,USB
178BFBFF004006F1,2023-12-05,17:00:59,390,Janelas
178BFBFF004006F1,2023-12-05,17:00:59,223,Processos
178BFBFF004006F1,2023-12-05,17:01:04,13.4,CPU
178BFBFF004006F1,2023-12-05,17:01:04,1.02,RAM
178BFBFF004006F1,2023-12-05,17:01:04,7.24,DISCO
178BFBFF004006F1,2023-12-05,17:01:12,1001.76,Taxa Dowload
178BFBFF004006F1,2023-12-05,17:01:12,1036.34,Taxa Upload
178BFBFF004006F1,2023-12-05,17:01:12,2.09,Latência
178BFBFF004006F1,2023-12-05,17:01:22,0,USB
178BFBFF004006F1,2023-12-05,17:01:22,390,Janelas
178BFBFF004006F1,2023-12-05,17:01:22,223,Processos
178BFBFF004006F1,2023-12-05,17:01:24,17.9,CPU
178BFBFF004006F1,2023-12-05,17:01:24,1.04,RAM
178BFBFF004006F1,2023-12-05,17:01:24,7.24,DISCO
178BFBFF004006F1,2023-12-05,17:01:37,998.87,Taxa Dowload
178BFBFF004006F1,2023-12-05,17:01:37,1048.23,Taxa Upload
178BFBFF004006F1,2023-12-05,17:01:37,2.09,Latência
178BFBFF004006F1,2023-12-05,17:01:44,0,USB
178BFBFF004006F1,2023-12-05,17:01:44,390,Janelas
178BFBFF004006F1,2023-12-05,17:01:44,17,CPU
178BFBFF004006F1,2023-12-05,17:01:44,1.04,RAM
178BFBFF004006F1,2023-12-05,17:01:44,7.24,DISCO
178BFBFF004006F1,2023-12-05,17:01:44,223,Processos
178BFBFF004006F1,2023-12-05,17:02:01,1002.28,Taxa Dowload
178BFBFF004006F1,2023-12-05,17:02:01,1047.3,Taxa Upload
178BFBFF004006F1,2023-12-05,17:02:01,2.09,Latência
178BFBFF004006F1,2023-12-05,17:02:04,10.5,CPU
178BFBFF004006F1,2023-12-05,17:02:04,1.02,RAM
178BFBFF004006F1,2023-12-05,17:02:04,7.24,DISCO
178BFBFF004006F1,2023-12-05,17:02:07,0,USB
178BFBFF004006F1,2023-12-05,17:02:07,390,Janelas
178BFBFF004006F1,2023-12-05,17:02:07,223,Processos
178BFBFF004006F1,2023-12-05,17:02:24,13.6,CPU
178BFBFF004006F1,2023-12-05,17:02:24,1.04,RAM
178BFBFF004006F1,2023-12-05,17:02:24,7.24,DISCO
178BFBFF004006F1,2023-12-05,17:02:26,986.88,Taxa Dowload
178BFBFF004006F1,2023-12-05,17:02:26,1046.13,Taxa Upload
178BFBFF004006F1,2023-12-05,17:02:26,2.09,Latência
178BFBFF004006F1,2023-12-05,17:02:29,0,USB
178BFBFF004006F1,2023-12-05,17:02:29,390,Janelas
178BFBFF004006F1,2023-12-05,17:02:29,223,Processos
178BFBFF004006F1,2023-12-05,17:02:44,9.6,CPU
178BFBFF004006F1,2023-12-05,17:02:44,1.03,RAM
178BFBFF004006F1,2023-12-05,17:02:44,7.24,DISCO
178BFBFF004006F1,2023-12-05,17:02:50,1006.67,Taxa Dowload
178BFBFF004006F1,2023-12-05,17:02:50,1035.57,Taxa Upload
178BFBFF004006F1,2023-12-05,17:02:50,2.09,Latência
178BFBFF004006F1,2023-12-05,17:02:52,0,USB
178BFBFF004006F1,2023-12-05,17:02:52,390,Janelas
178BFBFF004006F1,2023-12-05,17:02:52,223,Processos
178BFBFF004006F1,2023-12-05,17:03:04,16.3,CPU
178BFBFF004006F1,2023-12-05,17:03:04,1.04,RAM
178BFBFF004006F1,2023-12-05,17:03:04,7.24,DISCO
178BFBFF004006F1,2023-12-05,17:03:15,0,USB
178BFBFF004006F1,2023-12-05,17:03:15,390,Janelas
178BFBFF004006F1,2023-12-05,17:03:15,223,Processos
178BFBFF004006F1,2023-12-05,17:03:15,992.61,Taxa Dowload
178BFBFF004006F1,2023-12-05,17:03:15,1063.68,Taxa Upload
178BFBFF004006F1,2023-12-05,17:03:15,2.09,Latência
178BFBFF01000712,2023-12-05,20:03:57,53.3,CPU
178BFBFF01000712,2023-12-05,20:03:57,0.82,RAM
178BFBFF01000712,2023-12-05,20:04:07,0.6,CPU
178BFBFF01000712,2023-12-05,20:04:07,0.82,RAM
178BFBFF01000712,2023-12-05,20:04:18,0.4,CPU
178BFBFF01000712,2023-12-05,20:04:18,0.82,RAM
178BFBFF01000712,2023-12-05,20:04:28,0.4,CPU
178BFBFF01000712,2023-12-05,20:04:28,0.82,RAM
178BFBFF01000712,2023-12-05,20:04:38,0.4,CPU
178BFBFF01000712,2023-12-05,20:04:38,0.82,RAM
178BFBFF01000712,2023-12-05,20:04:48,0.7,CPU
178BFBFF01000712,2023-12-05,20:04:48,0.82,RAM
178BFBFF01000712,2023-12-05,20:04:58,0.6,CPU
178BFBFF01000712,2023-12-05,20:04:58,0.82,RAM
178BFBFF01000712,2023-12-05,20:05:08,0.7,CPU
178BFBFF01000712,2023-12-05,20:05:08,0.82,RAM
178BFBFF01000712,2023-12-05,20:05:18,0.4,CPU
178BFBFF01000712,2023-12-05,20:05:18,0.82,RAM
178BFBFF01000712,2023-12-05,20:05:28,0.4,CPU
178BFBFF01000712,2023-12-05,20:05:28,0.82,RAM
178BFBFF01000712,2023-12-05,20:05:38,0.2,CPU
178BFBFF01000712,2023-12-05,20:05:38,0.82,RAM
178BFBFF01000712,2023-12-05,20:05:48,0.5,CPU
178BFBFF01000712,2023-12-05,20:05:48,0.82,RAM
178BFBFF01000712,2023-12-05,20:05:58,0.4,CPU
178BFBFF01000712,2023-12-05,20:05:58,0.82,RAM
178BFBFF01000712,2023-12-05,20:06:08,0.6,CPU
178BFBFF01000712,2023-12-05,20:06:08,0.82,RAM
1F8BFBFF00500657,2023-12-05,10:37:05,0,USB
1F8BFBFF00500657,2023-12-05,10:37:05,400,Janelas
1F8BFBFF00500657,2023-12-05,10:37:05,179,Processos
1F8BFBFF00500657,2023-12-05,13:37:13,281.75,Taxa Dowload
1F8BFBFF00500657,2023-12-05,13:37:13,764.9,Taxa Upload
1F8BFBFF00500657,2023-12-05,10:37:17,0,USB
1F8BFBFF00500657,2023-12-05,10:37:17,400,Janelas
1F8BFBFF00500657,2023-12-05,10:37:17,179,Processos
1F8BFBFF00500657,2023-12-05,10:37:29,0,USB
1F8BFBFF00500657,2023-12-05,10:37:29,400,Janelas
1F8BFBFF00500657,2023-12-05,10:37:30,179,Processos
1F8BFBFF00500657,2023-12-05,13:37:43,190.55,Taxa Dowload
1F8BFBFF00500657,2023-12-05,13:37:43,2556.85,Taxa Upload
1F8BFBFF00500657,2023-12-05,10:37:44,0,USB
1F8BFBFF00500657,2023-12-05,10:37:44,400,Janelas
1F8BFBFF00500657,2023-12-05,10:37:44,179,Processos
1F8BFBFF00500657,2023-12-05,10:37:56,0,USB
1F8BFBFF00500657,2023-12-05,10:37:56,400,Janelas
1F8BFBFF00500657,2023-12-05,10:37:56,179,Processos
1F8BFBFF00500657,2023-12-05,10:38:09,0,USB
1F8BFBFF00500657,2023-12-05,10:38:09,400,Janelas
1F8BFBFF00500657,2023-12-05,10:38:09,179,Processos
1F8BFBFF00500657,2023-12-05,13:38:14,230.02,Taxa Dowload
1F8BFBFF00500657,2023-12-05,13:38:14,1752.48,Taxa Upload
1F8BFBFF00500657,2023-12-05,10:38:21,0,USB
1F8BFBFF00500657,2023-12-05,10:38:21,400,Janelas
1F8BFBFF00500657,2023-12-05,10:38:22,179,Processos
1F8BFBFF00500657,2023-12-05,10:38:34,0,USB
1F8BFBFF00500657,2023-12-05,10:38:34,400,Janelas
1F8BFBFF00500657,2023-12-05,10:38:34,179,Processos
1F8BFBFF00500657,2023-12-05,13:38:47,294.09,Taxa Dowload
1F8BFBFF00500657,2023-12-05,13:38:47,606.94,Taxa Upload
1F8BFBFF00500657,2023-12-05,10:38:47,0,USB
1F8BFBFF00500657,2023-12-05,10:38:47,400,Janelas
1F8BFBFF00500657,2023-12-05,10:38:47,179,Processos
1F8BFBFF00500657,2023-12-05,10:39:00,0,USB
1F8BFBFF00500657,2023-12-05,10:39:00,400,Janelas
1F8BFBFF00500657,2023-12-05,10:39:00,179,Processos
1F8BFBFF00500657,2023-12-05,10:39:13,0,USB
1F8BFBFF00500657,2023-12-05,10:39:13,400,Janelas
1F8BFBFF00500657,2023-12-05,10:39:13,179,Processos
1F8BFBFF00500657,2023-12-05,13:39:18,325.14,Taxa Dowload
1F8BFBFF00500657,2023-12-05,13:39:18,1570.29,Taxa Upload
1F8BFBFF00500657,2023-12-05,10:39:26,0,USB
1F8BFBFF00500657,2023-12-05,10:39:26,400,Janelas
1F8BFBFF00500657,2023-12-05,10:39:26,179,Processos
1F8BFBFF00500657,2023-12-05,10:39:39,0,USB
1F8BFBFF00500657,2023-12-05,10:39:39,400,Janelas
1F8BFBFF00500657,2023-12-05,10:39:39,179,Processos
1F8BFBFF00500657,2023-12-05,13:39:47,392.33,Taxa Dowload
1F8BFBFF00500657,2023-12-05,13:39:47,2026.48,Taxa Upload
1F8BFBFF00500657,2023-12-05,10:39:51,0,USB
1F8BFBFF00500657,2023-12-05,10:39:51,400,Janelas
1F8BFBFF00500657,2023-12-05,10:39:51,179,Processos
1F8BFBFF00500657,2023-12-05,10:40:04,0,USB
1F8BFBFF00500657,2023-12-05,10:40:04,400,Janelas
1F8BFBFF00500657,2023-12-05,10:40:04,179,Processos
1F8BFBFF00500657,2023-12-05,13:40:18,269.62,Taxa Dowload
1F8BFBFF00500657,2023-12-05,13:40:18,2169.46,Taxa Upload
1F8BFBFF00500657,2023-12-05,10:40:18,0,USB
1F8BFBFF00500657,2023-12-05,10:40:18,400,Janelas
1F8BFBFF00500657,2023-12-05,10:40:18,179,Processos
1F8BFBFF00500657,2023-12-05,10:40:31,0,USB
1F8BFBFF00500657,2023-12-05,10:40:31,400,Janelas
1F8BFBFF00500657,2023-12-05,10:40:31,179,Processos
1F8BFBFF00500657,2023-12-05,10:40:45,0,USB
1F8BFBFF00500657,2023-12-05,10:40:45,400,Janelas
1F8BFBFF00500657,2023-12-05,10:40:45,179,Processos
1F8BFBFF00500657,2023-12-05,13:40:48,301.47,Taxa Dowload
1F8BFBFF00500657,2023-12-05,13:40:48,2025.85,Taxa Upload
1F8BFBFF00500657,2023-12-05,10:40:57,0,USB
1F8BFBFF00500657,2023-12-05,10:40:57,400,Janelas
1F8BFBFF00500657,2023-12-05,10:40:57,179,Processos
1F8BFBFF00500657,2023-12-05,10:41:10,0,USB
1F8BFBFF00500657,2023-12-05,10:41:10,400,Janelas
1F8BFBFF00500657,2023-12-05,10:41:10,179,Processos
1F8BFBFF00500657,2023-12-05,10:41:23,0,USB
1F8BFBFF00500657,2023-12-05,10:41:23,400,Janelas
1F8BFBFF00500657,2023-12-05,10:41:23,179,Processos
1F8BFBFF00500657,2023-12-05,13:41:23,333.43,Taxa Dowload
1F8BFBFF00500657,2023-12-05,13:41:23,256.38,Taxa Upload
1F8BFBFF00500657,2023-12-05,10:41:35,0,USB
1F8BFBFF00500657,2023-12-05,10:41:35,400,Janelas
1F8BFBFF00500657,2023-12-05,10:41:35,179,Processos
1F8BFBFF00500657,2023-12-05,10:41:48,0,USB
1F8BFBFF00500657,2023-12-05,10:41:48,400,Janelas
1F8BFBFF00500657,2023-12-05,10:41:48,179,Processos
1F8BFBFF00500657,2023-12-05,13:41:55,348.4,Taxa Dowload
1F8BFBFF00500657,2023-12-05,13:41:55,681.45,Taxa Upload
1F8BFBFF00500657,2023-12-05,10:42:01,0,USB
1F8BFBFF00500657,2023-12-05,10:42:01,400,Janelas
1F8BFBFF00500657,2023-12-05,10:42:01,179,Processos
1F8BFBFF00500657,2023-12-05,10:42:13,0,USB
1F8BFBFF00500657,2023-12-05,10:42:13,400,Janelas
1F8BFBFF00500657,2023-12-05,10:42:13,179,Processos
1F8BFBFF00500657,2023-12-05,13:42:23,512.98,Taxa Dowload
1F8BFBFF00500657,2023-12-05,13:42:23,527.8,Taxa Upload
1F8BFBFF00500657,2023-12-05,10:42:25,0,USB
1F8BFBFF00500657,2023-12-05,10:42:25,400,Janelas
1F8BFBFF00500657,2023-12-05,10:42:25,179,Processos
1F8BFBFF00500657,2023-12-05,10:42:38,0,USB
1F8BFBFF00500657,2023-12-05,10:42:38,400,Janelas
1F8BFBFF00500657,2023-12-05,10:42:38,179,Processos
1F8BFBFF00500657,2023-12-05,10:42:50,0,USB
1F8BFBFF00500657,2023-12-05,10:42:50,400,Janelas
1F8BFBFF00500657,2023-12-05,10:42:50,179,Processos
1F8BFBFF00500657,2023-12-05,13:42:52,1047.57,Taxa Dowload
1F8BFBFF00500657,2023-12-05,13:42:52,217.86,Taxa Upload
1F8BFBFF00500657,2023-12-05,10:43:03,0,USB
1F8BFBFF00500657,2023-12-05,10:43:03,400,Janelas
1F8BFBFF00500657,2023-12-05,10:43:03,179,Processos
1F8BFBFF00500657,2023-12-05,13:43:17,766.28,Taxa Dowload
1F8BFBFF00500657,2023-12-05,13:43:17,2490.55,Taxa Upload
1F8BFBFF00500657,2023-12-05,10:43:18,0,USB
1F8BFBFF00500657,2023-12-05,10:43:18,400,Janelas
1F8BFBFF00500657,2023-12-05,10:43:18,179,Processos
1F8BFBFF00500657,2023-12-05,10:43:30,0,USB
1F8BFBFF00500657,2023-12-05,10:43:30,407,Janelas
1F8BFBFF00500657,2023-12-05,10:43:30,179,Processos
1F8BFBFF00500657,2023-12-05,10:43:46,0,USB
1F8BFBFF00500657,2023-12-05,10:43:46,485,Janelas
1F8BFBFF00500657,2023-12-05,10:43:46,179,Processos
1F8BFBFF00500657,2023-12-05,13:43:47,390.55,Taxa Dowload
1F8BFBFF00500657,2023-12-05,13:43:47,2035.67,Taxa Upload
1F8BFBFF00500657,2023-12-05,10:43:59,0,USB
1F8BFBFF00500657,2023-12-05,10:43:59,490,Janelas
1F8BFBFF00500657,2023-12-05,10:43:59,180,Processos
1F8BFBFF00500657,2023-12-05,10:44:15,0,USB
1F8BFBFF00500657,2023-12-05,10:44:15,568,Janelas
1F8BFBFF00500657,2023-12-05,10:44:15,180,Processos
1F8BFBFF00500657,2023-12-05,13:44:17,357.36,Taxa Dowload
1F8BFBFF00500657,2023-12-05,13:44:17,2085.96,Taxa Upload
1F8BFBFF00500657,2023-12-05,10:44:28,0,USB
1F8BFBFF00500657,2023-12-05,10:44:28,568,Janelas
1F8BFBFF00500657,2023-12-05,10:44:28,180,Processos
1F8BFBFF00500657,2023-12-05,10:44:44,0,USB
1F8BFBFF00500657,2023-12-05,10:44:44,568,Janelas
1F8BFBFF00500657,2023-12-05,10:44:44,180,Processos
1F8BFBFF00500657,2023-12-05,13:44:47,363.29,Taxa Dowload
1F8BFBFF00500657,2023-12-05,13:44:47,828.54,Taxa Upload
1F8BFBFF00500657,2023-12-05,10:44:57,0,USB
1F8BFBFF00500657,2023-12-05,10:44:57,568,Janelas
1F8BFBFF00500657,2023-12-05,10:44:57,180,Processos
1F8BFBFF00500657,2023-12-05,10:45:11,0,USB
1F8BFBFF00500657,2023-12-05,10:45:11,568,Janelas
1F8BFBFF00500657,2023-12-05,10:45:11,180,Processos
1F8BFBFF00500657,2023-12-05,13:45:20,255.22,Taxa Dowload
1F8BFBFF00500657,2023-12-05,13:45:20,521.91,Taxa Upload
1F8BFBFF00500657,2023-12-05,10:45:24,0,USB
1F8BFBFF00500657,2023-12-05,10:45:24,568,Janelas
1F8BFBFF00500657,2023-12-05,10:45:24,180,Processos
1F8BFBFF00500657,2023-12-05,10:45:38,0,USB
1F8BFBFF00500657,2023-12-05,10:45:38,489,Janelas
1F8BFBFF00500657,2023-12-05,10:45:38,179,Processos
1F8BFBFF00500657,2023-12-05,19:08:32,0,USB
1F8BFBFF00500657,2023-12-05,19:08:32,398,Janelas
1F8BFBFF00500657,2023-12-05,19:08:32,215,Processos
1F8BFBFF00500657,2023-12-05,19:08:44,0,USB
1F8BFBFF00500657,2023-12-05,19:08:44,398,Janelas
1F8BFBFF00500657,2023-12-05,19:08:44,215,Processos
1F8BFBFF00500657,2023-12-05,19:05:24,0,USB
1F8BFBFF00500657,2023-12-05,19:05:24,398,Janelas
1F8BFBFF00500657,2023-12-05,19:05:24,218,Processos
1F8BFBFF00500657,2023-12-05,19:05:36,0,USB
1F8BFBFF00500657,2023-12-05,19:05:36,398,Janelas
1F8BFBFF00500657,2023-12-05,19:05:36,217,Processos
1F8BFBFF00500657,2023-12-05,19:05:11,0,USB
1F8BFBFF00500657,2023-12-05,19:05:11,398,Janelas
1F8BFBFF00500657,2023-12-05,19:05:11,218,Processos
1F8BFBFF00500657,2023-12-05,19:05:49,0,USB
1F8BFBFF00500657,2023-12-05,19:05:49,398,Janelas
1F8BFBFF00500657,2023-12-05,19:05:49,217,Processos
1F8BFBFF00500657,2023-12-05,19:06:01,0,USB
1F8BFBFF00500657,2023-12-05,19:06:01,398,Janelas
1F8BFBFF00500657,2023-12-05,19:06:01,216,Processos
1F8BFBFF00500657,2023-12-05,19:06:14,0,USB
1F8BFBFF00500657,2023-12-05,19:06:14,398,Janelas
1F8BFBFF00500657,2023-12-05,19:06:14,216,Processos
1F8BFBFF00500657,2023-12-05,19:06:26,0,USB
1F8BFBFF00500657,2023-12-05,19:06:26,398,Janelas
1F8BFBFF00500657,2023-12-05,19:06:26,216,Processos
1F8BFBFF00500657,2023-12-05,19:06:38,0,USB
1F8BFBFF00500657,2023-12-05,19:06:38,398,Janelas
1F8BFBFF00500657,2023-12-05,19:06:38,216,Processos
1F8BFBFF00500657,2023-12-05,19:06:51,0,USB
1F8BFBFF00500657,2023-12-05,19:06:51,398,Janelas
1F8BFBFF00500657,2023-12-05,19:06:51,216,Processos
1F8BFBFF00500657,2023-12-05,19:07:03,0,USB
1F8BFBFF00500657,2023-12-05,19:07:03,398,Janelas
1F8BFBFF00500657,2023-12-05,19:07:04,216,Processos
1F8BFBFF00500657,2023-12-05,19:07:16,0,USB
1F8BFBFF00500657,2023-12-05,19:07:16,398,Janelas
1F8BFBFF00500657,2023-12-05,19:07:16,216,Processos
1F8BFBFF00500657,2023-12-05,19:07:29,0,USB
1F8BFBFF00500657,2023-12-05,19:07:29,398,Janelas
1F8BFBFF00500657,2023-12-05,19:07:29,216,Processos
1F8BFBFF00500657,2023-12-05,19:07:41,0,USB
1F8BFBFF00500657,2023-12-05,19:07:41,398,Janelas
1F8BFBFF00500657,2023-12-05,19:07:41,216,Processos
1F8BFBFF00500657,2023-12-05,19:08:06,0,USB
1F8BFBFF00500657,2023-12-05,19:08:06,398,Janelas
1F8BFBFF00500657,2023-12-05,19:08:06,216,Processos
1F8BFBFF00500657,2023-12-05,19:08:19,0,USB
1F8BFBFF00500657,2023-12-05,19:08:19,398,Janelas
1F8BFBFF00500657,2023-12-05,19:08:19,215,Processos
1F8BFBFF00500657,2023-12-05,19:07:54,0,USB
1F8BFBFF00500657,2023-12-05,19:07:54,398,Janelas
1F8BFBFF00500657,2023-12-05,19:07:54,216,Processos
BFEBFBFF000806D1,2023-12-04,23:35:45,2,USB
BFEBFBFF000806D1,2023-12-04,23:35:45,25,Janelas
BFEBFBFF000806D1,2023-12-04,23:35:46,278,Processos
BFEBFBFF000806D1,2023-12-04,23:35:57,2,USB
BFEBFBFF000806D1,2023-12-04,23:35:57,25,Janelas
BFEBFBFF000806D1,2023-12-04,23:35:58,278,Processos
BFEBFBFF000806D1,2023-12-04,23:36:07,88.16,Taxa Dowload
BFEBFBFF000806D1,2023-12-04,23:36:07,92.16,Taxa Upload
BFEBFBFF000806D1,2023-12-04,23:36:09,2,USB
BFEBFBFF000806D1,2023-12-04,23:36:09,25,Janelas
BFEBFBFF000806D1,2023-12-04,23:36:09,278,Processos
BFEBFBFF000806D1,2023-12-04,23:36:20,2,USB
BFEBFBFF000806D1,2023-12-04,23:36:21,25,Janelas
BFEBFBFF000806D1,2023-12-04,23:36:21,278,Processos
BFEBFBFF000806D1,2023-12-04,23:36:33,2,USB
BFEBFBFF000806D1,2023-12-04,23:36:33,25,Janelas
BFEBFBFF000806D1,2023-12-04,23:36:34,278,Processos
BFEBFBFF000806D1,2023-12-04,23:36:45,2,USB
BFEBFBFF000806D1,2023-12-04,23:36:45,25,Janelas
BFEBFBFF000806D1,2023-12-04,23:36:46,278,Processos
BFEBFBFF000806D1,2023-12-04,23:36:48,88.43,Taxa Dowload
BFEBFBFF000806D1,2023-12-04,23:36:48,93.17,Taxa Upload
BFEBFBFF000806D1,2023-12-04,23:36:57,2,USB
BFEBFBFF000806D1,2023-12-04,23:36:58,25,Janelas
BFEBFBFF000806D1,2023-12-04,23:36:58,278,Processos
BFEBFBFF000806D1,2023-12-04,23:37:09,2,USB
BFEBFBFF000806D1,2023-12-04,23:37:10,25,Janelas
BFEBFBFF000806D1,2023-12-04,23:37:10,278,Processos
BFEBFBFF000806D1,2023-12-04,23:37:22,2,USB
BFEBFBFF000806D1,2023-12-04,23:37:23,26,Janelas
BFEBFBFF000806D1,2023-12-04,23:37:23,277,Processos
BFEBFBFF000806D1,2023-12-04,23:37:28,85.62,Taxa Dowload
BFEBFBFF000806D1,2023-12-04,23:37:28,92.87,Taxa Upload
BFEBFBFF000806D1,2023-12-04,23:37:34,2,USB
BFEBFBFF000806D1,2023-12-04,23:37:35,25,Janelas
BFEBFBFF000806D1,2023-12-04,23:37:35,277,Processos
BFEBFBFF000806D1,2023-12-04,23:37:46,2,USB
BFEBFBFF000806D1,2023-12-04,23:37:46,25,Janelas
BFEBFBFF000806D1,2023-12-04,23:37:47,277,Processos
BFEBFBFF000806D1,2023-12-04,23:37:59,2,USB
BFEBFBFF000806D1,2023-12-04,23:37:59,25,Janelas
BFEBFBFF000806D1,2023-12-04,23:37:59,277,Processos
BFEBFBFF000806D1,2023-12-04,23:38:09,90.18,Taxa Dowload
BFEBFBFF000806D1,2023-12-04,23:38:09,93.35,Taxa Upload
BFEBFBFF000806D1,2023-12-04,23:38:11,2,USB
BFEBFBFF000806D1,2023-12-04,23:38:11,25,Janelas
BFEBFBFF000806D1,2023-12-04,23:38:11,277,Processos
BFEBFBFF000806D1,2023-12-04,23:38:22,2,USB
BFEBFBFF000806D1,2023-12-04,23:38:23,25,Janelas
BFEBFBFF000806D1,2023-12-04,23:38:23,277,Processos
BFEBFBFF000806D1,2023-12-04,23:38:34,2,USB
BFEBFBFF000806D1,2023-12-04,23:38:35,25,Janelas
BFEBFBFF000806D1,2023-12-04,23:38:35,277,Processos
BFEBFBFF000806D1,2023-12-04,23:38:46,2,USB
BFEBFBFF000806D1,2023-12-04,23:38:47,25,Janelas
BFEBFBFF000806D1,2023-12-04,23:38:47,277,Processos
BFEBFBFF000806D1,2023-12-04,23:38:50,85.75,Taxa Dowload
BFEBFBFF000806D1,2023-12-04,23:38:50,93.64,Taxa Upload
BFEBFBFF000806D1,2023-12-04,23:38:58,2,USB
BFEBFBFF000806D1,2023-12-04,23:38:59,25,Janelas
BFEBFBFF000806D1,2023-12-04,23:38:59,277,Processos
BFEBFBFF000806D1,2023-12-04,23:39:10,2,USB
BFEBFBFF000806D1,2023-12-04,23:39:10,25,Janelas
BFEBFBFF000806D1,2023-12-04,23:39:11,277,Processos
BFEBFBFF000806D1,2023-12-04,23:39:22,2,USB
BFEBFBFF000806D1,2023-12-04,23:39:22,25,Janelas
BFEBFBFF000806D1,2023-12-04,23:39:23,277,Processos
BFEBFBFF000806D1,2023-12-04,23:39:31,86.4,Taxa Dowload
BFEBFBFF000806D1,2023-12-04,23:39:31,94.1,Taxa Upload
BFEBFBFF000806D1,2023-12-04,23:39:34,2,USB
BFEBFBFF000806D1,2023-12-04,23:39:34,26,Janelas
BFEBFBFF000806D1,2023-12-04,23:39:35,277,Processos
BFEBFBFF000806D1,2023-12-04,23:39:46,2,USB
BFEBFBFF000806D1,2023-12-04,23:39:46,26,Janelas
BFEBFBFF000806D1,2023-12-04,23:39:47,277,Processos
BFEBFBFF000806D1,2023-12-04,23:39:58,2,USB
BFEBFBFF000806D1,2023-12-04,23:39:59,25,Janelas
BFEBFBFF000806D1,2023-12-04,23:39:59,276,Processos
BFEBFBFF000806D1,2023-12-04,23:40:11,2,USB
BFEBFBFF000806D1,2023-12-04,23:40:11,25,Janelas
BFEBFBFF000806D1,2023-12-04,23:40:11,276,Processos
BFEBFBFF000806D1,2023-12-04,23:40:12,93.1,Taxa Dowload
BFEBFBFF000806D1,2023-12-04,23:40:12,94.11,Taxa Upload
BFEBFBFF000806D1,2023-12-04,23:40:22,2,USB
BFEBFBFF000806D1,2023-12-04,23:40:23,25,Janelas
BFEBFBFF000806D1,2023-12-04,23:40:23,276,Processos
BFEBFBFF000806D1,2023-12-04,23:40:35,2,USB
BFEBFBFF000806D1,2023-12-04,23:40:35,25,Janelas
BFEBFBFF000806D1,2023-12-04,23:40:36,276,Processos
BFEBFBFF000806D1,2023-12-04,23:40:47,2,USB
BFEBFBFF000806D1,2023-12-04,23:40:47,25,Janelas
BFEBFBFF000806D1,2023-12-04,23:40:48,276,Processos
BFEBFBFF000806D1,2023-12-04,23:40:53,91.77,Taxa Dowload
BFEBFBFF000806D1,2023-12-04,23:40:53,93.91,Taxa Upload
BFEBFBFF000806D1,2023-12-04,23:40:59,2,USB
BFEBFBFF000806D1,2023-12-04,23:40:59,26,Janelas
BFEBFBFF000806D1,2023-12-04,23:40:59,276,Processos
BFEBFBFF000806D1,2023-12-04,23:41:10,2,USB
BFEBFBFF000806D1,2023-12-04,23:41:11,25,Janelas
BFEBFBFF000806D1,2023-12-04,23:41:11,276,Processos
BFEBFBFF000806D1,2023-12-04,23:41:23,2,USB
BFEBFBFF000806D1,2023-12-04,23:41:23,25,Janelas
BFEBFBFF000806D1,2023-12-04,23:41:24,276,Processos
BFEBFBFF000806D1,2023-12-04,23:41:33,91.85,Taxa Dowload
BFEBFBFF000806D1,2023-12-04,23:41:33,90.84,Taxa Upload
BFEBFBFF000806D1,2023-12-04,23:42:14,78.52,Taxa Dowload
BFEBFBFF000806D1,2023-12-04,23:42:14,93.98,Taxa Upload
BFEBFBFF000806D1,2023-12-04,23:42:55,92.63,Taxa Dowload
BFEBFBFF000806D1,2023-12-04,23:42:55,91.92,Taxa Upload
BFEBFBFF000806D1,2023-12-04,23:43:36,90.55,Taxa Dowload
BFEBFBFF000806D1,2023-12-04,23:43:36,93.76,Taxa Upload
BFEBFBFF000806D1,2023-12-04,23:44:17,92.91,Taxa Dowload
BFEBFBFF000806D1,2023-12-04,23:44:17,93.88,Taxa Upload
BFEBFBFF000806D1,2023-12-04,23:44:58,93.67,Taxa Dowload
BFEBFBFF000806D1,2023-12-04,23:44:58,93.8,Taxa Upload
BFEBFBFF000806D1,2023-12-04,23:45:39,93.12,Taxa Dowload
BFEBFBFF000806D1,2023-12-04,23:45:39,94.11,Taxa Upload
BFEBFBFF000806D1,2023-12-04,23:46:19,93.52,Taxa Dowload
BFEBFBFF000806D1,2023-12-04,23:46:19,93.35,Taxa Upload
BFEBFBFF000806D1,2023-12-04,23:47:00,93.56,Taxa Dowload
BFEBFBFF000806D1,2023-12-04,23:47:00,89.64,Taxa Upload
BFEBFBFF000806D1,2023-12-04,23:47:41,90.21,Taxa Dowload
BFEBFBFF000806D1,2023-12-04,23:47:41,93.82,Taxa Upload
BFEBFBFF000806D1,2023-12-04,23:48:03,1.8,CPU
BFEBFBFF000806D1,2023-12-04,23:48:03,6.94,RAM
BFEBFBFF000806D1,2023-12-04,23:48:03,435.79,DISCO
BFEBFBFF000806D1,2023-12-04,23:48:22,91.66,Taxa Dowload
BFEBFBFF000806D1,2023-12-04,23:48:22,93.8,Taxa Upload
BFEBFBFF000806D1,2023-12-04,23:48:25,1.9,CPU
BFEBFBFF000806D1,2023-12-04,23:48:25,6.88,RAM
BFEBFBFF000806D1,2023-12-04,23:48:25,435.8,DISCO
BFEBFBFF000806D1,2023-12-04,23:49:03,90.65,Taxa Dowload
BFEBFBFF000806D1,2023-12-04,23:49:03,93.56,Taxa Upload
BFEBFBFF000806D1,2023-12-04,23:49:44,93.38,Taxa Dowload
BFEBFBFF000806D1,2023-12-04,23:49:44,93.05,Taxa Upload
BFEBFBFF000806D1,2023-12-04,23:50:25,80.59,Taxa Dowload
BFEBFBFF000806D1,2023-12-04,23:50:25,93.39,Taxa Upload
BFEBFBFF000806D1,2023-12-04,23:51:05,91.5,Taxa Dowload
BFEBFBFF000806D1,2023-12-04,23:51:05,93.39,Taxa Upload
BFEBFBFF000806D1,2023-12-04,23:51:46,80.84,Taxa Dowload
BFEBFBFF000806D1,2023-12-04,23:51:46,91.8,Taxa Upload
BFEBFBFF000806D1,2023-12-04,23:52:27,86.18,Taxa Dowload
BFEBFBFF000806D1,2023-12-04,23:52:27,93.47,Taxa Upload
BFEBFBFF000806D1,2023-12-04,23:53:08,83.31,Taxa Dowload
BFEBFBFF000806D1,2023-12-04,23:53:08,93.31,Taxa Upload
BFEBFBFF000806D1,2023-12-04,23:53:49,87.33,Taxa Dowload
BFEBFBFF000806D1,2023-12-04,23:53:49,91.4,Taxa Upload
BFEBFBFF000806D1,2023-12-04,23:54:30,85.45,Taxa Dowload
BFEBFBFF000806D1,2023-12-04,23:54:30,91.33,Taxa Upload
BFEBFBFF000806D1,2023-12-04,23:55:11,86.46,Taxa Dowload
BFEBFBFF000806D1,2023-12-04,23:55:11,93.64,Taxa Upload
BFEBFBFF000806D1,2023-12-04,23:55:51,88.23,Taxa Dowload
BFEBFBFF000806D1,2023-12-04,23:55:51,92.73,Taxa Upload
BFEBFBFF000806D1,2023-12-04,23:56:32,84.01,Taxa Dowload
BFEBFBFF000806D1,2023-12-04,23:56:32,93.58,Taxa Upload
BFEBFBFF000806D1,2023-12-04,23:57:13,82.39,Taxa Dowload
BFEBFBFF000806D1,2023-12-04,23:57:13,86.29,Taxa Upload
BFEBFBFF000806D1,2023-12-04,23:57:54,86,Taxa Dowload
BFEBFBFF000806D1,2023-12-04,23:57:54,90.71,Taxa Upload
BFEBFBFF000806D1,2023-12-04,23:58:35,84.38,Taxa Dowload
BFEBFBFF000806D1,2023-12-04,23:58:35,92.09,Taxa Upload
BFEBFBFF000806D1,2023-12-04,23:59:16,85.27,Taxa Dowload
BFEBFBFF000806D1,2023-12-04,23:59:16,93.7,Taxa Upload
BFEBFBFF000806D1,2023-12-04,23:59:56,86.25,Taxa Dowload
BFEBFBFF000806D1,2023-12-04,23:59:56,90.58,Taxa Upload
BFEBFBFF000806D1,2023-12-05,00:00:37,84.73,Taxa Dowload
BFEBFBFF000806D1,2023-12-05,00:00:37,92.31,Taxa Upload
BFEBFBFF000806D1,2023-12-05,00:01:18,83.75,Taxa Dowload
BFEBFBFF000806D1,2023-12-05,00:01:18,93.87,Taxa Upload
BFEBFBFF000806D1,2023-12-05,00:01:59,84.77,Taxa Dowload
BFEBFBFF000806D1,2023-12-05,00:01:59,93.6,Taxa Upload
BFEBFBFF000806D1,2023-12-05,00:02:40,83.3,Taxa Dowload
BFEBFBFF000806D1,2023-12-05,00:02:40,93.61,Taxa Upload
BFEBFBFF000806D1,2023-12-05,00:03:21,88.19,Taxa Dowload
BFEBFBFF000806D1,2023-12-05,00:03:21,92.91,Taxa Upload
BFEBFBFF000806D1,2023-12-05,00:04:01,86.58,Taxa Dowload
BFEBFBFF000806D1,2023-12-05,00:04:01,92.78,Taxa Upload
BFEBFBFF000806D1,2023-12-05,00:04:42,84.98,Taxa Dowload
BFEBFBFF000806D1,2023-12-05,00:04:42,92.4,Taxa Upload
BFEBFBFF000806D1,2023-12-05,00:05:23,87.15,Taxa Dowload
BFEBFBFF000806D1,2023-12-05,00:05:23,92.62,Taxa Upload
BFEBFBFF000806D1,2023-12-05,00:06:04,86.72,Taxa Dowload
BFEBFBFF000806D1,2023-12-05,00:06:04,92.49,Taxa Upload
BFEBFBFF000806D1,2023-12-05,00:06:45,85.57,Taxa Dowload
BFEBFBFF000806D1,2023-12-05,00:06:45,93.82,Taxa Upload
BFEBFBFF000806D1,2023-12-05,00:07:25,76.54,Taxa Dowload
BFEBFBFF000806D1,2023-12-05,00:07:25,93.45,Taxa Upload
BFEBFBFF000806D1,2023-12-05,00:08:06,85.72,Taxa Dowload
BFEBFBFF000806D1,2023-12-05,00:08:06,91.33,Taxa Upload
BFEBFBFF000806D1,2023-12-05,00:08:47,92.12,Taxa Dowload
BFEBFBFF000806D1,2023-12-05,00:08:47,93.07,Taxa Upload
BFEBFBFF000806D1,2023-12-05,00:09:28,92.49,Taxa Dowload
BFEBFBFF000806D1,2023-12-05,00:09:28,91.84,Taxa Upload
BFEBFBFF000806D1,2023-12-05,00:10:09,90.11,Taxa Dowload
BFEBFBFF000806D1,2023-12-05,00:10:09,92.97,Taxa Upload
BFEBFBFF000806D1,2023-12-05,00:10:50,92.76,Taxa Dowload
BFEBFBFF000806D1,2023-12-05,00:10:50,94,Taxa Upload
BFEBFBFF000806D1,2023-12-05,00:11:31,87.37,Taxa Dowload
BFEBFBFF000806D1,2023-12-05,00:11:31,93.37,Taxa Upload
BFEBFBFF000806D1,2023-12-05,00:12:11,85.91,Taxa Dowload
BFEBFBFF000806D1,2023-12-05,00:12:11,93.54,Taxa Upload
BFEBFBFF000806D1,2023-12-05,00:12:52,88.19,Taxa Dowload
BFEBFBFF000806D1,2023-12-05,00:12:52,93.47,Taxa Upload
BFEBFBFF000806D1,2023-12-05,00:13:33,90.45,Taxa Dowload
BFEBFBFF000806D1,2023-12-05,00:13:33,93.44,Taxa Upload
BFEBFBFF000806D1,2023-12-05,00:14:14,92.41,Taxa Dowload
BFEBFBFF000806D1,2023-12-05,00:14:14,94.07,Taxa Upload
BFEBFBFF000806D1,2023-12-05,00:14:55,90.8,Taxa Dowload
BFEBFBFF000806D1,2023-12-05,00:14:55,93.07,Taxa Upload
BFEBFBFF000806D1,2023-12-05,00:15:36,91.07,Taxa Dowload
BFEBFBFF000806D1,2023-12-05,00:15:36,93.82,Taxa Upload
BFEBFBFF000806D1,2023-12-05,00:16:16,90.12,Taxa Dowload
BFEBFBFF000806D1,2023-12-05,00:16:16,93.41,Taxa Upload
BFEBFBFF000806D1,2023-12-05,00:16:57,90.8,Taxa Dowload
BFEBFBFF000806D1,2023-12-05,00:16:57,93.91,Taxa Upload
BFEBFBFF000806D1,2023-12-05,00:17:38,78.31,Taxa Dowload
BFEBFBFF000806D1,2023-12-05,00:17:38,93.95,Taxa Upload
BFEBFBFF000806D1,2023-12-05,00:18:19,85.05,Taxa Dowload
BFEBFBFF000806D1,2023-12-05,00:18:19,93.84,Taxa Upload
BFEBFBFF000806D1,2023-12-05,00:19:00,90.36,Taxa Dowload
BFEBFBFF000806D1,2023-12-05,00:19:00,93.95,Taxa Upload
BFEBFBFF000806D1,2023-12-05,00:19:41,91.76,Taxa Dowload
BFEBFBFF000806D1,2023-12-05,00:19:41,93.67,Taxa Upload
BFEBFBFF000806D1,2023-12-05,00:20:21,88.57,Taxa Dowload
BFEBFBFF000806D1,2023-12-05,00:20:21,94.02,Taxa Upload
BFEBFBFF000806D1,2023-12-05,00:21:02,91.79,Taxa Dowload
BFEBFBFF000806D1,2023-12-05,00:21:02,93.85,Taxa Upload
BFEBFBFF000806D1,2023-12-05,00:21:43,89.87,Taxa Dowload
BFEBFBFF000806D1,2023-12-05,00:21:43,93.04,Taxa Upload
BFEBFBFF000806D1,2023-12-05,00:22:24,89.95,Taxa Dowload
BFEBFBFF000806D1,2023-12-05,00:22:24,84.62,Taxa Upload
BFEBFBFF000806D1,2023-12-05,00:23:05,90.41,Taxa Dowload
BFEBFBFF000806D1,2023-12-05,00:23:05,94.17,Taxa Upload
BFEBFBFF000806D1,2023-12-05,00:23:46,88.12,Taxa Dowload
BFEBFBFF000806D1,2023-12-05,00:23:46,93.3,Taxa Upload
BFEBFBFF000806D1,2023-12-05,00:24:26,90.22,Taxa Dowload
BFEBFBFF000806D1,2023-12-05,00:24:26,92.39,Taxa Upload
BFEBFBFF000806D1,2023-12-05,00:25:07,90.46,Taxa Dowload
BFEBFBFF000806D1,2023-12-05,00:25:07,93.4,Taxa Upload
BFEBFBFF000806D1,2023-12-05,18:17:43,2,USB
BFEBFBFF000806D1,2023-12-05,18:17:44,23,Janelas
BFEBFBFF000806D1,2023-12-05,18:17:44,262,Processos
BFEBFBFF000806D1,2023-12-05,18:17:56,2,USB
BFEBFBFF000806D1,2023-12-05,18:17:56,22,Janelas
BFEBFBFF000806D1,2023-12-05,18:17:56,260,Processos
BFEBFBFF000806D1,2023-12-05,18:18:08,2,USB
BFEBFBFF000806D1,2023-12-05,18:18:08,22,Janelas
BFEBFBFF000806D1,2023-12-05,18:18:09,260,Processos
BFEBFBFF000806D1,2023-12-05,18:18:20,2,USB
BFEBFBFF000806D1,2023-12-05,18:18:21,22,Janelas
BFEBFBFF000806D1,2023-12-05,18:18:21,260,Processos
BFEBFBFF000806D1,2023-12-05,18:18:32,2,USB
BFEBFBFF000806D1,2023-12-05,18:18:33,23,Janelas
BFEBFBFF000806D1,2023-12-05,18:18:33,260,Processos
BFEBFBFF000806D1,2023-12-05,18:18:45,2,USB
BFEBFBFF000806D1,2023-12-05,18:18:45,23,Janelas
BFEBFBFF000806D1,2023-12-05,18:18:45,260,Processos
BFEBFBFF000806D1,2023-12-05,18:18:57,2,USB
BFEBFBFF000806D1,2023-12-05,18:18:57,23,Janelas
BFEBFBFF000806D1,2023-12-05,18:18:57,262,Processos
BFEBFBFF000806D1,2023-12-05,18:19:09,2,USB
BFEBFBFF000806D1,2023-12-05,18:19:09,23,Janelas
BFEBFBFF000806D1,2023-12-05,18:19:10,260,Processos
BFEBFBFF000806D1,2023-12-05,18:19:21,2,USB
BFEBFBFF000806D1,2023-12-05,18:19:22,23,Janelas
BFEBFBFF000806D1,2023-12-05,18:19:22,260,Processos
BFEBFBFF000806D1,2023-12-05,18:19:33,2,USB
BFEBFBFF000806D1,2023-12-05,18:19:34,23,Janelas
BFEBFBFF000806D1,2023-12-05,18:19:34,260,Processos
BFEBFBFF000806D1,2023-12-05,18:22:32,2,USB
BFEBFBFF000806D1,2023-12-05,18:22:33,23,Janelas
BFEBFBFF000806D1,2023-12-05,18:22:33,261,Processos
BFEBFBFF000806D1,2023-12-05,18:22:44,2,USB
BFEBFBFF000806D1,2023-12-05,18:22:44,24,Janelas
BFEBFBFF000806D1,2023-12-05,18:22:45,261,Processos
BFEBFBFF000806D1,2023-12-05,18:22:56,2,USB
BFEBFBFF000806D1,2023-12-05,18:22:56,24,Janelas
BFEBFBFF000806D1,2023-12-05,18:22:56,261,Processos
BFEBFBFF000806D1,2023-12-05,18:23:07,2,USB
BFEBFBFF000806D1,2023-12-05,18:23:07,24,Janelas
BFEBFBFF000806D1,2023-12-05,18:23:08,261,Processos
BFEBFBFF000806D1,2023-12-05,18:23:19,2,USB
BFEBFBFF000806D1,2023-12-05,18:23:19,24,Janelas
BFEBFBFF000806D1,2023-12-05,18:23:19,261,Processos
BFEBFBFF000806D1,2023-12-05,18:23:30,2,USB
BFEBFBFF000806D1,2023-12-05,18:23:31,24,Janelas
BFEBFBFF000806D1,2023-12-05,18:23:31,261,Processos
BFEBFBFF000806D1,2023-12-05,18:23:42,2,USB
BFEBFBFF000806D1,2023-12-05,18:23:42,27,Janelas
BFEBFBFF000806D1,2023-12-05,18:23:43,267,Processos
BFEBFBFF000806D1,2023-12-05,18:23:54,2,USB
BFEBFBFF000806D1,2023-12-05,18:23:54,26,Janelas
BFEBFBFF000806D1,2023-12-05,18:23:54,266,Processos
BFEBFBFF000806D1,2023-12-05,18:24:05,2,USB
BFEBFBFF000806D1,2023-12-05,18:24:06,27,Janelas
BFEBFBFF000806D1,2023-12-05,18:24:06,267,Processos
BFEBFBFF000806D1,2023-12-05,18:24:17,2,USB
BFEBFBFF000806D1,2023-12-05,18:24:17,26,Janelas
BFEBFBFF000806D1,2023-12-05,18:24:18,267,Processos
BFEBFBFF000806D1,2023-12-05,18:24:29,2,USB
BFEBFBFF000806D1,2023-12-05,18:24:29,26,Janelas
BFEBFBFF000806D1,2023-12-05,18:24:29,267,Processos
BFEBFBFF000806D1,2023-12-05,18:24:40,2,USB
BFEBFBFF000806D1,2023-12-05,18:24:41,26,Janelas
BFEBFBFF000806D1,2023-12-05,18:24:41,267,Processos
BFEBFBFF000806D1,2023-12-05,18:24:52,2,USB
BFEBFBFF000806D1,2023-12-05,18:24:53,26,Janelas
BFEBFBFF000806D1,2023-12-05,18:24:53,267,Processos
BFEBFBFF000806D1,2023-12-05,18:25:04,2,USB
BFEBFBFF000806D1,2023-12-05,18:25:04,26,Janelas
BFEBFBFF000806D1,2023-12-05,18:25:05,267,Processos
BFEBFBFF000806D1,2023-12-05,18:25:16,2,USB
BFEBFBFF000806D1,2023-12-05,18:25:16,26,Janelas
BFEBFBFF000806D1,2023-12-05,18:25:16,266,Processos
BFEBFBFF000806D1,2023-12-05,18:25:27,2,USB
BFEBFBFF000806D1,2023-12-05,18:25:28,26,Janelas
BFEBFBFF000806D1,2023-12-05,18:25:28,266,Processos
BFEBFBFF000806D1,2023-12-05,18:25:39,2,USB
BFEBFBFF000806D1,2023-12-05,18:25:39,26,Janelas
BFEBFBFF000806D1,2023-12-05,18:25:40,266,Processos
BFEBFBFF000806D1,2023-12-05,18:25:51,2,USB
BFEBFBFF000806D1,2023-12-05,18:25:51,26,Janelas
BFEBFBFF000806D1,2023-12-05,18:25:52,264,Processos
BFEBFBFF000806D1,2023-12-05,18:26:03,2,USB
BFEBFBFF000806D1,2023-12-05,18:26:03,26,Janelas
BFEBFBFF000806D1,2023-12-05,18:26:03,264,Processos
BFEBFBFF000806D1,2023-12-05,18:26:14,2,USB
BFEBFBFF000806D1,2023-12-05,18:26:15,26,Janelas
BFEBFBFF000806D1,2023-12-05,18:26:15,264,Processos
BFEBFBFF000806D1,2023-12-05,18:26:26,2,USB
BFEBFBFF000806D1,2023-12-05,18:26:26,26,Janelas
BFEBFBFF000806D1,2023-12-05,18:26:27,267,Processos
BFEBFBFF000806D1,2023-12-05,18:26:38,2,USB
BFEBFBFF000806D1,2023-12-05,18:26:38,26,Janelas
BFEBFBFF000806D1,2023-12-05,18:26:38,264,Processos
BFEBFBFF000806D1,2023-12-05,18:26:49,2,USB
BFEBFBFF000806D1,2023-12-05,18:26:50,26,Janelas
BFEBFBFF000806D1,2023-12-05,18:26:50,264,Processos
BFEBFBFF000806D1,2023-12-05,18:27:01,2,USB
BFEBFBFF000806D1,2023-12-05,18:27:01,26,Janelas
BFEBFBFF000806D1,2023-12-05,18:27:02,265,Processos
BFEBFBFF000806D1,2023-12-05,18:30:18,2,USB
BFEBFBFF000806D1,2023-12-05,18:30:19,25,Janelas
BFEBFBFF000806D1,2023-12-05,18:30:19,272,Processos
BFEBFBFF000806D1,2023-12-05,18:30:20,4.2,CPU
BFEBFBFF000806D1,2023-12-05,18:30:20,6.84,RAM
BFEBFBFF000806D1,2023-12-05,18:30:20,432.96,DISCO
BFEBFBFF000806D1,2023-12-05,18:30:31,2,USB
BFEBFBFF000806D1,2023-12-05,18:30:32,26,Janelas
BFEBFBFF000806D1,2023-12-05,18:30:32,273,Processos
BFEBFBFF000806D1,2023-12-05,18:30:41,3.4,CPU
BFEBFBFF000806D1,2023-12-05,18:30:41,6.96,RAM
BFEBFBFF000806D1,2023-12-05,18:30:41,432.96,DISCO
BFEBFBFF000806D1,2023-12-05,18:30:44,19.44,Taxa Dowload
BFEBFBFF000806D1,2023-12-05,18:30:44,2.16,Taxa Upload
BFEBFBFF000806D1,2023-12-05,18:30:46,2,USB
BFEBFBFF000806D1,2023-12-05,18:30:46,26,Janelas
BFEBFBFF000806D1,2023-12-05,18:30:47,273,Processos
BFEBFBFF000806D1,2023-12-05,18:30:57,2,USB
BFEBFBFF000806D1,2023-12-05,18:30:58,26,Janelas
BFEBFBFF000806D1,2023-12-05,18:30:58,274,Processos
BFEBFBFF000806D1,2023-12-05,18:52:04,2,USB
BFEBFBFF000806D1,2023-12-05,18:52:04,24,Janelas
BFEBFBFF000806D1,2023-12-05,18:52:04,275,Processos
BFEBFBFF000806D1,2023-12-05,18:52:05,2.5,CPU
BFEBFBFF000806D1,2023-12-05,18:52:05,7.24,RAM
BFEBFBFF000806D1,2023-12-05,18:52:05,432.51,DISCO
BFEBFBFF000806D1,2023-12-05,18:52:15,2,USB
BFEBFBFF000806D1,2023-12-05,18:52:16,24,Janelas
BFEBFBFF000806D1,2023-12-05,18:52:16,274,Processos
BFEBFBFF000806D1,2023-12-05,18:52:26,8.61,Taxa Dowload
BFEBFBFF000806D1,2023-12-05,18:52:26,8.11,Taxa Upload
BFEBFBFF000806D1,2023-12-05,18:52:26,1.3,CPU
BFEBFBFF000806D1,2023-12-05,18:52:26,7.29,RAM
BFEBFBFF000806D1,2023-12-05,18:52:26,432.51,DISCO
BFEBFBFF000806D1,2023-12-05,18:52:27,2,USB
BFEBFBFF000806D1,2023-12-05,18:52:27,24,Janelas
BFEBFBFF000806D1,2023-12-05,18:52:27,273,Processos
BFEBFBFF000806D1,2023-12-05,18:52:38,2,USB
BFEBFBFF000806D1,2023-12-05,18:52:39,24,Janelas
BFEBFBFF000806D1,2023-12-05,18:52:39,273,Processos
BFEBFBFF000806D1,2023-12-05,18:52:47,0.6,CPU
BFEBFBFF000806D1,2023-12-05,18:52:47,6.98,RAM
BFEBFBFF000806D1,2023-12-05,18:52:47,432.51,DISCO
BFEBFBFF000806D1,2023-12-05,18:52:50,2,USB
BFEBFBFF000806D1,2023-12-05,18:52:50,24,Janelas
BFEBFBFF000806D1,2023-12-05,18:52:50,272,Processos
BFEBFBFF000806D1,2023-12-05,18:53:01,2,USB
BFEBFBFF000806D1,2023-12-05,18:53:02,24,Janelas
BFEBFBFF000806D1,2023-12-05,18:53:02,272,Processos
BFEBFBFF000806D1,2023-12-05,18:53:07,8.57,Taxa Dowload
BFEBFBFF000806D1,2023-12-05,18:53:07,7.76,Taxa Upload
BFEBFBFF000806D1,2023-12-05,18:53:09,0.6,CPU
BFEBFBFF000806D1,2023-12-05,18:53:09,6.99,RAM
BFEBFBFF000806D1,2023-12-05,18:53:09,432.51,DISCO
BFEBFBFF000806D1,2023-12-05,18:53:13,2,USB
BFEBFBFF000806D1,2023-12-05,18:53:13,24,Janelas
BFEBFBFF000806D1,2023-12-05,18:53:13,272,Processos
BFEBFBFF000806D1,2023-12-05,18:53:24,2,USB
BFEBFBFF000806D1,2023-12-05,18:53:25,24,Janelas
BFEBFBFF000806D1,2023-12-05,18:53:25,271,Processos
BFEBFBFF000806D1,2023-12-05,18:53:30,0.4,CPU
BFEBFBFF000806D1,2023-12-05,18:53:30,6.93,RAM
BFEBFBFF000806D1,2023-12-05,18:53:30,432.51,DISCO
BFEBFBFF000806D1,2023-12-05,18:53:36,2,USB
BFEBFBFF000806D1,2023-12-05,18:53:36,23,Janelas
BFEBFBFF000806D1,2023-12-05,18:53:37,270,Processos
BFEBFBFF000806D1,2023-12-05,18:53:49,8.53,Taxa Dowload
BFEBFBFF000806D1,2023-12-05,18:53:49,8.12,Taxa Upload
BFEBFBFF000806D1,2023-12-05,18:53:51,0.9,CPU
BFEBFBFF000806D1,2023-12-05,18:53:51,6.58,RAM
BFEBFBFF000806D1,2023-12-05,18:53:51,432.51,DISCO
BFEBFBFF000806D1,2023-12-05,18:54:12,1.5,CPU
BFEBFBFF000806D1,2023-12-05,18:54:12,6.94,RAM
BFEBFBFF000806D1,2023-12-05,18:54:12,432.53,DISCO
BFEBFBFF000806D1,2023-12-05,18:54:31,8.39,Taxa Dowload
BFEBFBFF000806D1,2023-12-05,18:54:31,8.05,Taxa Upload
BFEBFBFF000806D1,2023-12-05,18:54:33,1.3,CPU
BFEBFBFF000806D1,2023-12-05,18:54:33,6.92,RAM
BFEBFBFF000806D1,2023-12-05,18:54:33,432.53,DISCO
BFEBFBFF000806D1,2023-12-05,18:54:56,0.3,CPU
BFEBFBFF000806D1,2023-12-05,18:54:56,6.92,RAM
BFEBFBFF000806D1,2023-12-05,18:54:56,432.53,DISCO
BFEBFBFF000806D1,2023-12-05,18:55:12,8.6,Taxa Dowload
BFEBFBFF000806D1,2023-12-05,18:55:12,8.04,Taxa Upload
BFEBFBFF000806D1,2023-12-05,18:55:17,0.5,CPU
BFEBFBFF000806D1,2023-12-05,18:55:17,6.69,RAM
BFEBFBFF000806D1,2023-12-05,18:55:17,432.53,DISCO
BFEBFBFF000806D1,2023-12-05,18:55:38,1,CPU
BFEBFBFF000806D1,2023-12-05,18:55:38,5.04,RAM
BFEBFBFF000806D1,2023-12-05,18:55:38,432.53,DISCO
BFEBFBFF000806D1,2023-12-05,18:55:55,8.12,Taxa Dowload
BFEBFBFF000806D1,2023-12-05,18:55:55,5.81,Taxa Upload
BFEBFBFF000806D1,2023-12-05,18:56:00,1.2,CPU
BFEBFBFF000806D1,2023-12-05,18:56:00,5.27,RAM
BFEBFBFF000806D1,2023-12-05,18:56:00,432.53,DISCO
BFEBFBFF000806D1,2023-12-05,18:56:22,1.9,CPU
BFEBFBFF000806D1,2023-12-05,18:56:22,5.64,RAM
BFEBFBFF000806D1,2023-12-05,18:56:22,432.53,DISCO
BFEBFBFF000806D1,2023-12-05,18:56:36,8.53,Taxa Dowload
BFEBFBFF000806D1,2023-12-05,18:56:36,8.16,Taxa Upload
BFEBFBFF000806D1,2023-12-05,18:56:43,1,CPU
BFEBFBFF000806D1,2023-12-05,18:56:43,5.49,RAM
BFEBFBFF000806D1,2023-12-05,18:56:43,432.53,DISCO
BFEBFBFF000806D1,2023-12-05,18:57:04,0.4,CPU
BFEBFBFF000806D1,2023-12-05,18:57:04,5.39,RAM
BFEBFBFF000806D1,2023-12-05,18:57:04,432.53,DISCO
BFEBFBFF000806D1,2023-12-05,18:57:17,8.61,Taxa Dowload
BFEBFBFF000806D1,2023-12-05,18:57:17,8.01,Taxa Upload
BFEBFBFF000806D1,2023-12-05,18:57:25,0.7,CPU
BFEBFBFF000806D1,2023-12-05,18:57:25,5.63,RAM
BFEBFBFF000806D1,2023-12-05,18:57:25,432.54,DISCO
BFEBFBFF000806D1,2023-12-05,18:57:47,1.1,CPU
BFEBFBFF000806D1,2023-12-05,18:57:47,5.77,RAM
BFEBFBFF000806D1,2023-12-05,18:57:47,432.54,DISCO
BFEBFBFF000806D1,2023-12-05,18:58:00,8.59,Taxa Dowload
BFEBFBFF000806D1,2023-12-05,18:58:00,6.94,Taxa Upload
BFEBFBFF000806D1,2023-12-05,18:58:08,0.5,CPU
BFEBFBFF000806D1,2023-12-05,18:58:08,5.72,RAM
BFEBFBFF000806D1,2023-12-05,18:58:08,432.53,DISCO
BFEBFBFF000806D1,2023-12-05,18:58:29,0.3,CPU
BFEBFBFF000806D1,2023-12-05,18:58:29,5.72,RAM
BFEBFBFF000806D1,2023-12-05,18:58:29,432.53,DISCO
BFEBFBFF000806D1,2023-12-05,18:58:41,8.6,Taxa Dowload
BFEBFBFF000806D1,2023-12-05,18:58:41,8.34,Taxa Upload
BFEBFBFF000806D1,2023-12-05,18:58:50,0.8,CPU
BFEBFBFF000806D1,2023-12-05,18:58:50,5.66,RAM
BFEBFBFF000806D1,2023-12-05,18:58:50,432.54,DISCO
BFEBFBFF000806D1,2023-12-05,18:59:11,0.4,CPU
BFEBFBFF000806D1,2023-12-05,18:59:11,5.62,RAM
BFEBFBFF000806D1,2023-12-05,18:59:11,432.55,DISCO
BFEBFBFF000806D1,2023-12-05,18:59:23,8.6,Taxa Dowload
BFEBFBFF000806D1,2023-12-05,18:59:23,8.1,Taxa Upload
BFEBFBFF000806D1,2023-12-05,18:59:33,0.5,CPU
BFEBFBFF000806D1,2023-12-05,18:59:33,5.66,RAM
BFEBFBFF000806D1,2023-12-05,18:59:33,432.55,DISCO
BFEBFBFF000806D1,2023-12-05,18:59:54,1.1,CPU
BFEBFBFF000806D1,2023-12-05,18:59:54,5.74,RAM
BFEBFBFF000806D1,2023-12-05,18:59:54,432.55,DISCO
BFEBFBFF000806D1,2023-12-05,19:00:04,8.58,Taxa Dowload
BFEBFBFF000806D1,2023-12-05,19:00:04,8.13,Taxa Upload
BFEBFBFF000806D1,2023-12-05,19:00:15,0.8,CPU
BFEBFBFF000806D1,2023-12-05,19:00:15,5.38,RAM
BFEBFBFF000806D1,2023-12-05,19:00:15,432.55,DISCO
BFEBFBFF000806D1,2023-12-05,19:00:36,0.4,CPU
BFEBFBFF000806D1,2023-12-05,19:00:36,5.46,RAM
BFEBFBFF000806D1,2023-12-05,19:00:36,432.55,DISCO
BFEBFBFF000806D1,2023-12-05,19:00:47,8.52,Taxa Dowload
BFEBFBFF000806D1,2023-12-05,19:00:47,7.7,Taxa Upload
BFEBFBFF000806D1,2023-12-05,19:00:57,0.6,CPU
BFEBFBFF000806D1,2023-12-05,19:00:57,5.4,RAM
BFEBFBFF000806D1,2023-12-05,19:00:57,432.55,DISCO
BFEBFBFF000806D1,2023-12-05,19:01:19,1.7,CPU
BFEBFBFF000806D1,2023-12-05,19:01:19,5.62,RAM
BFEBFBFF000806D1,2023-12-05,19:01:19,432.55,DISCO
BFEBFBFF000806D1,2023-12-05,19:01:28,8.49,Taxa Dowload
BFEBFBFF000806D1,2023-12-05,19:01:28,8.24,Taxa Upload
BFEBFBFF000806D1,2023-12-05,19:01:40,1.1,CPU
BFEBFBFF000806D1,2023-12-05,19:01:40,6.3,RAM
BFEBFBFF000806D1,2023-12-05,19:01:40,432.55,DISCO
BFEBFBFF000806D1,2023-12-05,19:02:01,0.5,CPU
BFEBFBFF000806D1,2023-12-05,19:02:01,5.63,RAM
BFEBFBFF000806D1,2023-12-05,19:02:01,432.55,DISCO
BFEBFBFF000806D1,2023-12-05,19:02:09,8.52,Taxa Dowload
BFEBFBFF000806D1,2023-12-05,19:02:09,6.98,Taxa Upload
BFEBFBFF000806D1,2023-12-05,19:02:22,1.7,CPU
BFEBFBFF000806D1,2023-12-05,19:02:22,6.31,RAM
BFEBFBFF000806D1,2023-12-05,19:02:22,432.55,DISCO
BFEBFBFF000806D1,2023-12-05,19:02:43,1.3,CPU
BFEBFBFF000806D1,2023-12-05,19:02:43,6.4,RAM
BFEBFBFF000806D1,2023-12-05,19:02:43,432.55,DISCO
BFEBFBFF000806D1,2023-12-05,19:02:51,8.52,Taxa Dowload
BFEBFBFF000806D1,2023-12-05,19:02:51,8.24,Taxa Upload
BFEBFBFF000806D1,2023-12-05,19:03:05,0.5,CPU
BFEBFBFF000806D1,2023-12-05,19:03:05,5.6,RAM
BFEBFBFF000806D1,2023-12-05,19:03:05,432.55,DISCO
BFEBFBFF000806D1,2023-12-05,19:03:26,0.4,CPU
BFEBFBFF000806D1,2023-12-05,19:03:26,5.75,RAM
BFEBFBFF000806D1,2023-12-05,19:03:26,432.55,DISCO
BFEBFBFF000806D1,2023-12-05,19:03:32,7.97,Taxa Dowload
BFEBFBFF000806D1,2023-12-05,19:03:32,7.94,Taxa Upload
BFEBFBFF000806D1,2023-12-05,19:03:47,0.5,CPU
BFEBFBFF000806D1,2023-12-05,19:03:47,5.63,RAM
BFEBFBFF000806D1,2023-12-05,19:03:47,432.55,DISCO
BFEBFBFF000806D1,2023-12-05,19:04:08,0.3,CPU
BFEBFBFF000806D1,2023-12-05,19:04:08,5.77,RAM
BFEBFBFF000806D1,2023-12-05,19:04:08,432.55,DISCO
BFEBFBFF000806D1,2023-12-05,19:04:14,8.5,Taxa Dowload
BFEBFBFF000806D1,2023-12-05,19:04:14,8.03,Taxa Upload
BFEBFBFF000806D1,2023-12-05,19:04:29,0.4,CPU
BFEBFBFF000806D1,2023-12-05,19:04:29,5.63,RAM
BFEBFBFF000806D1,2023-12-05,19:04:29,432.55,DISCO
BFEBFBFF000806D1,2023-12-05,19:04:50,0.5,CPU
BFEBFBFF000806D1,2023-12-05,19:04:50,5.77,RAM
BFEBFBFF000806D1,2023-12-05,19:04:50,432.55,DISCO
BFEBFBFF000806D1,2023-12-05,19:04:57,8.62,Taxa Dowload
BFEBFBFF000806D1,2023-12-05,19:04:57,6.84,Taxa Upload
BFEBFBFF000806D1,2023-12-05,19:08:06,0.8,CPU
BFEBFBFF000806D1,2023-12-05,19:08:06,6.13,RAM
BFEBFBFF000806D1,2023-12-05,19:08:06,432.55,DISCO
BFEBFBFF000806D1,2023-12-05,19:08:25,8.56,Taxa Dowload
BFEBFBFF000806D1,2023-12-05,19:08:25,7.8,Taxa Upload
BFEBFBFF000806D1,2023-12-05,19:08:27,0.5,CPU
BFEBFBFF000806D1,2023-12-05,19:08:27,6.13,RAM
BFEBFBFF000806D1,2023-12-05,19:08:27,432.55,DISCO
BFEBFBFF000806D1,2023-12-05,19:07:43,8.6,Taxa Dowload
BFEBFBFF000806D1,2023-12-05,19:07:43,7.84,Taxa Upload
BFEBFBFF000806D1,2023-12-05,19:07:44,0.6,CPU
BFEBFBFF000806D1,2023-12-05,19:07:44,6.14,RAM
BFEBFBFF000806D1,2023-12-05,19:07:44,432.55,DISCO
BFEBFBFF000806D1,2023-12-05,19:07:23,1,CPU
BFEBFBFF000806D1,2023-12-05,19:07:23,6.12,RAM
BFEBFBFF000806D1,2023-12-05,19:07:23,432.55,DISCO
BFEBFBFF000806D1,2023-12-05,19:07:02,8.54,Taxa Dowload
BFEBFBFF000806D1,2023-12-05,19:07:02,0.5,CPU
BFEBFBFF000806D1,2023-12-05,19:07:02,7.63,Taxa Upload
BFEBFBFF000806D1,2023-12-05,19:07:02,6.16,RAM
BFEBFBFF000806D1,2023-12-05,19:07:02,432.55,DISCO
BFEBFBFF000806D1,2023-12-05,19:06:41,0.9,CPU
BFEBFBFF000806D1,2023-12-05,19:06:41,6.13,RAM
BFEBFBFF000806D1,2023-12-05,19:06:41,432.55,DISCO
BFEBFBFF000806D1,2023-12-05,19:06:20,2.4,CPU
BFEBFBFF000806D1,2023-12-05,19:06:20,5.97,RAM
BFEBFBFF000806D1,2023-12-05,19:06:20,432.55,DISCO
BFEBFBFF000806D1,2023-12-05,19:06:20,8.32,Taxa Dowload
BFEBFBFF000806D1,2023-12-05,19:06:20,7.75,Taxa Upload
BFEBFBFF000806D1,2023-12-05,19:05:59,1.2,CPU
BFEBFBFF000806D1,2023-12-05,19:05:59,5.95,RAM
BFEBFBFF000806D1,2023-12-05,19:05:59,432.55,DISCO
BFEBFBFF000806D1,2023-12-05,19:05:15,0.6,CPU
BFEBFBFF000806D1,2023-12-05,19:05:15,5.42,RAM
BFEBFBFF000806D1,2023-12-05,19:05:15,432.55,DISCO
BFEBFBFF000806D1,2023-12-05,19:05:37,0.9,CPU
BFEBFBFF000806D1,2023-12-05,19:05:37,5.53,RAM
BFEBFBFF000806D1,2023-12-05,19:05:37,432.55,DISCO
BFEBFBFF000806D1,2023-12-05,19:05:38,8.5,Taxa Dowload
BFEBFBFF000806D1,2023-12-05,19:05:38,8,Taxa Upload
BFEBFBFF000806D1,2023-12-05,19:08:48,0.7,CPU
BFEBFBFF000806D1,2023-12-05,19:08:48,6.16,RAM
BFEBFBFF000806D1,2023-12-05,19:08:48,432.55,DISCO
BFEBFBFF000806D1,2023-12-05,19:09:07,8.27,Taxa Dowload
BFEBFBFF000806D1,2023-12-05,19:09:07,7.67,Taxa Upload
BFEBFBFF000806D1,2023-12-05,19:09:09,1.2,CPU
BFEBFBFF000806D1,2023-12-05,19:09:09,6.36,RAM
BFEBFBFF000806D1,2023-12-05,19:09:09,432.55,DISCO
BFEBFBFF000806D1,2023-12-05,19:09:30,15.3,CPU
BFEBFBFF000806D1,2023-12-05,19:09:30,7.3,RAM
BFEBFBFF000806D1,2023-12-05,19:09:30,432.55,DISCO
BFEBFBFF000806D1,2023-12-05,19:09:50,8.42,Taxa Dowload
BFEBFBFF000806D1,2023-12-05,19:09:50,7.23,Taxa Upload
BFEBFBFF000806D1,2023-12-05,19:09:52,12.3,CPU
BFEBFBFF000806D1,2023-12-05,19:09:52,7.34,RAM
BFEBFBFF000806D1,2023-12-05,19:09:52,432.6,DISCO
BFEBFBFF000806D1,2023-12-05,19:10:13,3,CPU
BFEBFBFF000806D1,2023-12-05,19:10:13,7.29,RAM
BFEBFBFF000806D1,2023-12-05,19:10:13,432.6,DISCO
BFEBFBFF000806D1,2023-12-05,19:10:32,8.47,Taxa Dowload
BFEBFBFF000806D1,2023-12-05,19:10:32,8.07,Taxa Upload
BFEBFBFF000806D1,2023-12-05,19:10:34,2.3,CPU
BFEBFBFF000806D1,2023-12-05,19:10:34,7.19,RAM
BFEBFBFF000806D1,2023-12-05,19:10:34,432.6,DISCO
BFEBFBFF000806D1,2023-12-05,19:10:55,2.3,CPU
BFEBFBFF000806D1,2023-12-05,19:10:55,7.24,RAM
BFEBFBFF000806D1,2023-12-05,19:10:55,432.61,DISCO
BFEBFBFF000806D1,2023-12-05,19:11:13,8.46,Taxa Dowload
BFEBFBFF000806D1,2023-12-05,19:11:13,7.9,Taxa Upload
BFEBFBFF000806D1,2023-12-05,19:11:16,1.7,CPU
BFEBFBFF000806D1,2023-12-05,19:11:16,6.98,RAM
BFEBFBFF000806D1,2023-12-05,19:11:16,432.61,DISCO
BFEBFBFF000806D1,2023-12-05,19:11:38,1.4,CPU
BFEBFBFF000806D1,2023-12-05,19:11:38,6.06,RAM
BFEBFBFF000806D1,2023-12-05,19:11:38,432.54,DISCO
BFEBFBFF000806D1,2023-12-05,19:11:55,8.05,Taxa Dowload
BFEBFBFF000806D1,2023-12-05,19:11:55,7.23,Taxa Upload
BFEBFBFF000806D1,2023-12-05,19:11:59,1.8,CPU
BFEBFBFF000806D1,2023-12-05,19:11:59,6.47,RAM
BFEBFBFF000806D1,2023-12-05,19:11:59,432.54,DISCO
BFEBFBFF000806D1,2023-12-05,19:12:10,2,USB
BFEBFBFF000806D1,2023-12-05,19:12:11,26,Janelas
BFEBFBFF000806D1,2023-12-05,19:12:11,277,Processos
BFEBFBFF000806D1,2023-12-05,19:12:12,0.4,CPU
BFEBFBFF000806D1,2023-12-05,19:12:12,6.53,RAM
BFEBFBFF000806D1,2023-12-05,19:12:12,432.54,DISCO
BFEBFBFF000806D1,2023-12-05,19:12:20,0.8,CPU
BFEBFBFF000806D1,2023-12-05,19:12:22,2,USB
BFEBFBFF000806D1,2023-12-05,19:12:20,6.55,RAM
BFEBFBFF000806D1,2023-12-05,19:12:20,432.54,DISCO
BFEBFBFF000806D1,2023-12-05,19:12:22,26,Janelas
BFEBFBFF000806D1,2023-12-05,19:12:22,277,Processos
BFEBFBFF000806D1,2023-12-05,19:12:32,1.3,CPU
BFEBFBFF000806D1,2023-12-05,19:12:32,6.7,RAM
BFEBFBFF000806D1,2023-12-05,19:12:32,432.54,DISCO
BFEBFBFF000806D1,2023-12-05,19:12:33,5.57,Taxa Dowload
BFEBFBFF000806D1,2023-12-05,19:12:33,2,USB
BFEBFBFF000806D1,2023-12-05,19:12:33,6.3,Taxa Upload
BFEBFBFF000806D1,2023-12-05,19:12:33,26,Janelas
BFEBFBFF000806D1,2023-12-05,19:12:33,277,Processos
BFEBFBFF000806D1,2023-12-05,19:12:40,5.1,Taxa Dowload
BFEBFBFF000806D1,2023-12-05,19:12:40,4.94,Taxa Upload
BFEBFBFF000806D1,2023-12-05,19:12:42,1.5,CPU
BFEBFBFF000806D1,2023-12-05,19:12:42,6.6,RAM
BFEBFBFF000806D1,2023-12-05,19:12:42,432.54,DISCO
BFEBFBFF000806D1,2023-12-05,19:12:44,2,USB
BFEBFBFF000806D1,2023-12-05,19:12:44,26,Janelas
BFEBFBFF000806D1,2023-12-05,19:12:44,277,Processos
BFEBFBFF000806D1,2023-12-05,19:12:53,0.7,CPU
BFEBFBFF000806D1,2023-12-05,19:12:53,6.56,RAM
BFEBFBFF000806D1,2023-12-05,19:12:53,432.54,DISCO
BFEBFBFF000806D1,2023-12-05,19:12:55,2,USB
BFEBFBFF000806D1,2023-12-05,19:12:55,26,Janelas
BFEBFBFF000806D1,2023-12-05,19:12:55,277,Processos
BFEBFBFF000806D1,2023-12-05,19:13:03,0.4,CPU
BFEBFBFF000806D1,2023-12-05,19:13:03,6.56,RAM
BFEBFBFF000806D1,2023-12-05,19:13:03,432.54,DISCO
BFEBFBFF000806D1,2023-12-05,19:13:07,2,USB
BFEBFBFF000806D1,2023-12-05,19:13:07,26,Janelas
BFEBFBFF000806D1,2023-12-05,19:13:08,277,Processos
BFEBFBFF000806D1,2023-12-05,19:13:14,0.5,CPU
BFEBFBFF000806D1,2023-12-05,19:13:14,6.81,RAM
BFEBFBFF000806D1,2023-12-05,19:13:14,432.54,DISCO
BFEBFBFF000806D1,2023-12-05,19:13:16,7.48,Taxa Dowload
BFEBFBFF000806D1,2023-12-05,19:13:16,5.36,Taxa Upload
BFEBFBFF000806D1,2023-12-05,19:13:18,2,USB
BFEBFBFF000806D1,2023-12-05,19:13:18,26,Janelas
BFEBFBFF000806D1,2023-12-05,19:13:19,276,Processos
BFEBFBFF000806D1,2023-12-05,19:13:22,7.44,Taxa Dowload
BFEBFBFF000806D1,2023-12-05,19:13:22,7.69,Taxa Upload
BFEBFBFF000806D1,2023-12-05,19:13:25,0.5,CPU
BFEBFBFF000806D1,2023-12-05,19:13:25,6.62,RAM
BFEBFBFF000806D1,2023-12-05,19:13:25,432.54,DISCO
BFEBFBFF000806D1,2023-12-05,19:13:29,2,USB
BFEBFBFF000806D1,2023-12-05,19:13:30,26,Janelas
BFEBFBFF000806D1,2023-12-05,19:13:30,276,Processos
BFEBFBFF000806D1,2023-12-05,19:13:34,0.5,CPU
BFEBFBFF000806D1,2023-12-05,19:13:34,6.61,RAM
BFEBFBFF000806D1,2023-12-05,19:13:34,432.54,DISCO
BFEBFBFF000806D1,2023-12-05,19:13:41,2,USB
BFEBFBFF000806D1,2023-12-05,19:13:41,26,Janelas
BFEBFBFF000806D1,2023-12-05,19:13:41,276,Processos
BFEBFBFF000806D1,2023-12-05,19:13:46,0.5,CPU
BFEBFBFF000806D1,2023-12-05,19:13:46,6.53,RAM
BFEBFBFF000806D1,2023-12-05,19:13:46,432.54,DISCO
BFEBFBFF000806D1,2023-12-05,19:13:52,2,USB
BFEBFBFF000806D1,2023-12-05,19:13:52,26,Janelas
BFEBFBFF000806D1,2023-12-05,19:13:53,275,Processos
BFEBFBFF000806D1,2023-12-05,19:13:55,0.8,CPU
BFEBFBFF000806D1,2023-12-05,19:13:55,6.87,RAM
BFEBFBFF000806D1,2023-12-05,19:13:55,432.54,DISCO
BFEBFBFF000806D1,2023-12-05,19:14:02,6.92,Taxa Dowload
BFEBFBFF000806D1,2023-12-05,19:14:02,4.53,Taxa Upload
BFEBFBFF000806D1,2023-12-05,19:14:03,2,USB
BFEBFBFF000806D1,2023-12-05,19:14:03,26,Janelas
BFEBFBFF000806D1,2023-12-05,19:14:04,275,Processos
BFEBFBFF000806D1,2023-12-05,19:14:05,5.31,Taxa Dowload
BFEBFBFF000806D1,2023-12-05,19:14:05,6.55,Taxa Upload
BFEBFBFF000806D1,2023-12-05,19:14:07,1.4,CPU
BFEBFBFF000806D1,2023-12-05,19:14:07,6.65,RAM
BFEBFBFF000806D1,2023-12-05,19:14:07,432.54,DISCO
BFEBFBFF000806D1,2023-12-05,19:14:14,2,USB
BFEBFBFF000806D1,2023-12-05,19:14:15,26,Janelas
BFEBFBFF000806D1,2023-12-05,19:14:15,275,Processos
BFEBFBFF000806D1,2023-12-05,19:14:16,1.2,CPU
BFEBFBFF000806D1,2023-12-05,19:14:16,6.65,RAM
BFEBFBFF000806D1,2023-12-05,19:14:16,432.54,DISCO
BFEBFBFF000806D1,2023-12-05,19:14:25,2,USB
BFEBFBFF000806D1,2023-12-05,19:14:26,26,Janelas
BFEBFBFF000806D1,2023-12-05,19:14:26,275,Processos
BFEBFBFF000806D1,2023-12-05,19:14:28,0.6,CPU
BFEBFBFF000806D1,2023-12-05,19:14:28,6.71,RAM
BFEBFBFF000806D1,2023-12-05,19:14:28,432.54,DISCO
BFEBFBFF000806D1,2023-12-05,19:14:36,0.6,CPU
BFEBFBFF000806D1,2023-12-05,19:14:36,6.93,RAM
BFEBFBFF000806D1,2023-12-05,19:14:36,432.54,DISCO
BFEBFBFF000806D1,2023-12-05,19:14:36,2,USB
BFEBFBFF000806D1,2023-12-05,19:14:37,26,Janelas
BFEBFBFF000806D1,2023-12-05,19:14:37,274,Processos
BFEBFBFF000806D1,2023-12-05,19:14:44,5.37,Taxa Dowload
BFEBFBFF000806D1,2023-12-05,19:14:44,5.03,Taxa Upload
BFEBFBFF000806D1,2023-12-05,19:14:46,4.99,Taxa Dowload
BFEBFBFF000806D1,2023-12-05,19:14:46,5.52,Taxa Upload
BFEBFBFF000806D1,2023-12-05,19:14:48,2,USB
BFEBFBFF000806D1,2023-12-05,19:14:48,27,Janelas
BFEBFBFF000806D1,2023-12-05,19:14:48,274,Processos
BFEBFBFF000806D1,2023-12-05,19:14:50,0.7,CPU
BFEBFBFF000806D1,2023-12-05,19:14:50,6.71,RAM
BFEBFBFF000806D1,2023-12-05,19:14:50,432.54,DISCO
BFEBFBFF000806D1,2023-12-05,19:14:57,0.7,CPU
BFEBFBFF000806D1,2023-12-05,19:14:57,6.7,RAM
BFEBFBFF000806D1,2023-12-05,19:14:57,432.54,DISCO
BFEBFBFF000806D1,2023-12-05,19:14:59,2,USB
BFEBFBFF000806D1,2023-12-05,19:14:59,26,Janelas
BFEBFBFF000806D1,2023-12-05,19:14:59,274,Processos
BFEBFBFF000806D1,2023-12-05,19:15:11,1,CPU
BFEBFBFF000806D1,2023-12-05,19:15:11,6.31,RAM
BFEBFBFF000806D1,2023-12-05,19:15:11,432.55,DISCO
BFEBFBFF000806D1,2023-12-05,19:15:28,8.59,Taxa Dowload
BFEBFBFF000806D1,2023-12-05,19:15:28,7.89,Taxa Upload
BFEBFBFF000806D1,2023-12-05,19:15:32,2.2,CPU
BFEBFBFF000806D1,2023-12-05,19:15:32,5.04,RAM
BFEBFBFF000806D1,2023-12-05,19:15:32,432.53,DISCO
BFEBFBFF000806D1,2023-12-05,19:15:53,3.6,CPU
BFEBFBFF000806D1,2023-12-05,19:15:53,4.66,RAM
BFEBFBFF000806D1,2023-12-05,19:15:53,432.46,DISCO
BFEBFBFF000806D1,2023-12-05,19:16:29,8.56,Taxa Dowload
BFEBFBFF000806D1,2023-12-05,19:16:29,1.03,Taxa Upload
BFEBFBFF000806D1,2023-12-05,19:16:33,6.4,CPU
BFEBFBFF000806D1,2023-12-05,19:16:33,5.04,RAM
BFEBFBFF000806D1,2023-12-05,19:16:33,432.46,DISCO